USER,486
USER,3100
USER,2735
USER,2935
USER,1
USER,3069
USER,2848
CONTACT,1864
CONTACT,7579
CONTACT,5280
CONTACT,1947
CONTACT,6387
CONTACT,7268
CONTACT,340
CONTACT,910
CONTACT,3298
CONTACT,666
CONTACT,1742
CONTACT,5550
CONTACT,2124
CONTACT,2050
CONTACT,340
CONTACT,910
CONTACT,1984
CONTACT,1994
CONTACT,1954
CONTACT,5148
CONTACT,2254
CONTACT,3301
CONTACT,1654
CONTACT,1643
CONTACT,813
CONTACT,3317
CONTACT,3318
CONTACT,1467
CONTACT,3271
CONTACT,3307
CONTACT,1107
CONTACT,1443
CONTACT,3058
CONTACT,1467
CONTACT,3278
CONTACT,1467
CONTACT,1581
CONTACT,1295
CONTACT,5085
CONTACT,2405
CONTACT,3316
CONTACT,3018
CONTACT,3310
CONTACT,3299
CONTACT,1166
CONTACT,2838
CONTACT,3315
CONTACT,3008
CONTACT,3308
CONTACT,340
CONTACT,910
CONTACT,2954
CONTACT,3005
CONTACT,5517
CONTACT,813
CONTACT,3318
CONTACT,813
CONTACT,3318
CONTACT,813
CONTACT,3318
CONTACT,813
CONTACT,3318
CONTACT,813
CONTACT,5326
CONTACT,3318
CONTACT,813
CONTACT,3318
CONTACT,5403
CONTACT,813
CONTACT,3318
CONTACT,2865
CONTACT,3314
CONTACT,2969
CONTACT,3309
CONTACT,2954
CONTACT,3005
CONTACT,2907
CONTACT,3312
CONTACT,2892
CONTACT,3311
CONTACT,3018
CONTACT,3310
CONTACT,1166
CONTACT,3299
CONTACT,2468
CONTACT,2915
CONTACT,2907
CONTACT,3312
CONTACT,2892
CONTACT,3311
CONTACT,1123
CONTACT,619
CONTACT,2865
CONTACT,3314
CONTACT,3304
CONTACT,1660
CONTACT,2838
CONTACT,3315
CONTACT,1050
CONTACT,1041
CONTACT,3296
CONTACT,366
CONTACT,3008
CONTACT,3308
CONTACT,837
CONTACT,846
CONTACT,3298
CONTACT,666
CONTACT,717
CONTACT,1970
CONTACT,699
CONTACT,3488
CONTACT,813
CONTACT,3305
CONTACT,3318
CONTACT,5136
CONTACT,3304
CONTACT,1660
CONTACT,6519
CONTACT,1801
CONTACT,3285
CONTACT,415
CONTACT,6563
CONTACT,2558
CONTACT,97
CONTACT,3431
CONTACT,2542
CONTACT,5405
CONTACT,389
CONTACT,5430
CONTACT,513
CONTACT,3286
CONTACT,505
CONTACT,2468
CONTACT,2915
CONTACT,202
CONTACT,281
CONTACT,1135
CONTACT,133
CONTACT,340
CONTACT,910
CONTACT,644
CONTACT,282
CONTACT,542
CONTACT,1617
CONTACT,340
CONTACT,395
CONTACT,2405
CONTACT,3316
CONTACT,2
CONTACT,5105
CONTACT,637
CONTACT,5171
CONTACT,3296
CONTACT,366
CONTACT,340
CONTACT,910
CONTACT,1422
CONTACT,5691
CONTACT,8854
CONTACT,8413
CONTACT,813
CONTACT,5714
CONTACT,813
CONTACT,5714
CONTACT,1954
CONTACT,5148
CONTACT,1864
CONTACT,5435
CONTACT,1864
CONTACT,5435
CONTACT,1864
CONTACT,5435
CONTACT,3283
CONTACT,1682
CONTACT,1682
CONTACT,3283
CONTACT,2221
CONTACT,5353
CONTACT,813
CONTACT,3305
CONTACT,3318
CONTACT,5136
CONTACT,2969
CONTACT,3309
CONTACT,2221
CONTACT,5353
CONTACT,3272
CONTACT,2199
CONTACT,1295
CONTACT,5085
